Column name,DE_load_actual_entsoe_transparency,DE_load_actual_entsoe_transparency,DE_load_actual_entsoe_transparency,DE_solar_generation_actual,DE_solar_generation_actual,DE_solar_generation_actual,DE_wind_generation_actual,DE_wind_generation_actual,DE_wind_generation_actual,DE_wind_offshore_generation_actual,DE_wind_offshore_generation_actual,DE_wind_offshore_generation_actual,DE_wind_onshore_generation_actual,DE_wind_onshore_generation_actual,DE_wind_onshore_generation_actual,ES_load_actual_entsoe_transparency,ES_load_actual_entsoe_transparency,ES_load_actual_entsoe_transparency,ES_solar_generation_actual,ES_solar_generation_actual,ES_solar_generation_actual,ES_wind_onshore_generation_actual,ES_wind_onshore_generation_actual,ES_wind_onshore_generation_actual,FR_load_actual_entsoe_transparency,FR_load_actual_entsoe_transparency,FR_load_actual_entsoe_transparency,FR_solar_generation_actual,FR_solar_generation_actual,FR_solar_generation_actual,FR_wind_onshore_generation_actual,FR_wind_onshore_generation_actual,FR_wind_onshore_generation_actual,GB_UKM_load_actual_entsoe_transparency,GB_UKM_load_actual_entsoe_transparency,GB_UKM_load_actual_entsoe_transparency,GB_UKM_solar_generation_actual,GB_UKM_solar_generation_actual,GB_UKM_solar_generation_actual,GB_UKM_wind_generation_actual,GB_UKM_wind_generation_actual,GB_UKM_wind_generation_actual,GB_UKM_wind_offshore_generation_actual,GB_UKM_wind_offshore_generation_actual,GB_UKM_wind_offshore_generation_actual,GB_UKM_wind_onshore_generation_actual,GB_UKM_wind_onshore_generation_actual,GB_UKM_wind_onshore_generation_actual,IT_load_actual_entsoe_transparency,IT_load_actual_entsoe_transparency,IT_load_actual_entsoe_transparency,IT_solar_generation_actual,IT_solar_generation_actual,IT_solar_generation_actual,IT_wind_onshore_generation_actual,IT_wind_onshore_generation_actual,IT_wind_onshore_generation_actual
Metrics,MAE,MSE,RMSE,MAE,MSE,RMSE,MAE,MSE,RMSE,MAE,MSE,RMSE,MAE,MSE,RMSE,MAE,MSE,RMSE,MAE,MSE,RMSE,MAE,MSE,RMSE,MAE,MSE,RMSE,MAE,MSE,RMSE,MAE,MSE,RMSE,MAE,MSE,RMSE,MAE,MSE,RMSE,MAE,MSE,RMSE,MAE,MSE,RMSE,MAE,MSE,RMSE,MAE,MSE,RMSE,MAE,MSE,RMSE,MAE,MSE,RMSE
0,0.4407008879502981,0.2662281923501995,0.5159730538993287,0.5017494351710591,0.6186398601154185,0.786536623505491,0.3696630268204221,0.22350449883789433,0.4727626241972755,0.4724672102248073,0.2895909686591232,0.5381365706390183,0.3627870789998496,0.2241296909634393,0.47342337390906175,0.4806925518174132,0.37469102560575585,0.6121201071732212,1.0968876305892732,1.5517838967879445,1.2457061839727475,0.2746150737635173,0.10146582949029583,0.31853701431748216,0.23884718032646657,0.07319771120997294,0.2705507553306273,0.8884118150505897,1.4465978658195267,1.2027459689475275,1.634211240791416,3.8152580359478114,1.953268551927208,0.4223200770642827,0.3064431272335236,0.5535730550103786,0.6198954914707124,0.6561665578634287,0.8100410840589684,0.3279575554341792,0.2560656677944158,0.5060293151531992,0.6824773965713863,0.7002512191709244,0.8368101452366148,0.4158235780586783,0.2919764759896723,0.5403484764387444,0.408285485628704,0.24580805364615052,0.49579033234437975,0.5782954591354921,0.4230287119966735,0.6504065743799593,0.18644894666700182,0.0505944646385472,0.22493213340593912
1,0.8015903511128227,0.8735028334786271,0.9346137349079711,0.6673419604298996,1.2707192059162684,1.1272618178206288,0.5046789992942962,0.3254727925021429,0.5705022283060276,0.5877840475681451,0.6944710531916579,0.8333492984287308,0.5563974237079297,0.39865153757153465,0.6313885789048885,1.464726043151024,2.734711693499524,1.6536963728265004,1.1434046329723138,2.8910491714755895,1.7003085518445142,0.35675602506307524,0.21058280549882724,0.4588930218458625,0.7952030463201369,0.8025028848591679,0.8958252535283697,0.8382311868621315,1.0942985530587213,1.04608725881674,0.7664466615131446,0.7177151389589924,0.8471807002989341,0.5123691150271236,0.3811189414340464,0.6173483145146235,0.31694057522175045,0.133241511964212,0.3650226184282448,0.6824110083459254,0.6224057627582134,0.7889269692171851,1.0010735259350516,1.4255393229030593,1.1939595147671713,0.48347071684519544,0.33156237833629904,0.5758145346691927,1.0756685638135983,1.5901545662765948,1.2610133093177862,0.5201020270632145,0.3435433661775238,0.586125725572188,1.2389027912101649,2.1764696587516457,1.4752862972154408
2,0.9408032223267018,1.1901958710718272,1.09096098512817,0.33318719726410223,0.23324856096849136,0.4829581358342474,0.33164600464694455,0.1558658702412887,0.394798518539886,0.3174353827035596,0.1634585668462527,0.4043000950361658,0.5429199767953716,0.3985445547741966,0.6313038529695479,1.0029167513372224,1.423659343893986,1.1931719674439163,1.1697743493902488,3.1798827790422606,1.7832225825853205,0.3200366167796215,0.1302314271730374,0.3608759165877343,0.49285378294252213,0.30401685830562536,0.551377237747103,1.3229481683939033,3.3041161254200078,1.8177227856359197,0.7002766906172028,0.5835164559450938,0.7638824883089635,0.48163015156469696,0.3710767568703386,0.6091606987243502,0.5840747931631111,0.6388028338629265,0.7992514209326915,1.0407679138069517,1.4342582937282264,1.1976052328410336,1.282931911111935,2.006768829327418,1.4166046835046882,0.8683888376732094,1.063593758489568,1.0313068207325926,0.8251188281699445,0.9364835707838391,0.9677208124163906,0.842164260855696,1.2339711611625863,1.1108425456213793,1.6233268923056805,3.7542576021462097,1.9375906694000695
3,0.8621122786934611,0.9932812372463391,0.9966349568655211,0.38287623195318216,0.4184969632028384,0.6469134124462396,0.17662224147110947,0.048550826121395656,0.22034252000327956,0.4358343090782671,0.28265814441000287,0.5316560395688201,0.20631475225528015,0.06767257444491899,0.2601395288012166,0.8085309337002302,0.9269828625443542,0.9627994923889159,0.995780223611065,1.5454609439681544,1.243165694494565,0.17968869427639658,0.03823786961634896,0.19554505776508124,0.4992062825307773,0.3131792337947519,0.5596241897869961,0.6208825217325183,0.4945774859324043,0.703262032198813,1.3606699390001722,2.659604461261041,1.6308293783412908,0.6278183096938255,0.6519728809875018,0.8074483766702995,0.6169932898983455,0.6588677973178685,0.811706718783249,0.902305859221958,0.9551689537499769,0.9773274547202575,1.0687964255345848,1.4871131117806662,1.219472472744123,0.9197439835717384,1.2086931385706583,1.0994058115958176,0.7364023656479027,0.709597469348922,0.8423760854564438,0.5793717749479312,0.4370327325599157,0.6610845124187343,0.5349155462512111,0.42771863632942986,0.6540020155392717
4,0.915887525279406,1.1085860821673246,1.0528941457560321,0.5478638040169294,0.8229844224613144,0.9071848887968287,0.2449695554280864,0.09624416578881083,0.31023243832457437,1.1576014453391605,1.487718175324123,1.2197205316481818,0.25396040994999197,0.09591606826533867,0.3097031938248921,0.9614014544146537,1.295277748081075,1.1381026966320198,1.0385586888866574,2.5211811809739504,1.5878227800903824,0.1931051807906552,0.057141000942160014,0.23904183931303744,0.44535882556917544,0.24806447152116406,0.49806071067809,0.8075493324373544,1.0829703687647498,1.0406586225870373,1.4978751740213039,2.54861514745477,1.5964382692277113,0.7172407436783823,0.7105034770810601,0.842913683054831,0.5114962621623796,0.4121255094514263,0.641970022237352,0.8950299388281652,0.8906467177478147,0.9437408106825808,1.1643790148489594,1.4046903328196978,1.185196326698534,0.9008752735862838,1.049530099502775,1.024465762972475,0.6331806959978772,0.5395114238260095,0.734514413627132,0.6265379833623975,0.5475150825039022,0.7399426210888937,0.6950386447399651,0.5925934600621372,0.7698009223572918
5,0.9289438541923101,1.1274829014498844,1.061829977656444,0.7189886443321146,1.056508693067826,1.0278660871280003,0.47561292009084916,0.27394368499567406,0.5233962982250391,0.14496378284624717,0.03098150867966658,0.1760156489624334,0.5795761224580491,0.3990524839596448,0.6317060107040654,0.786787131600604,0.8505005166247123,0.9222258490330404,0.683354922747705,1.349515070192434,1.161686304555767,0.24256414387894445,0.0885673418991297,0.29760265774876693,0.38438191249539183,0.19001855113504643,0.43591117344597446,1.102589802755616,3.3717108665391744,1.8362219001360305,0.5254584249323452,0.4307499965253265,0.65631547027731,0.6698208445313284,0.6054503309868653,0.7781068891783861,0.3410697643873149,0.14883203813040305,0.38578755569665935,0.45095163600854,0.7296913531062823,0.8542197335032025,1.0351056689045446,2.1608618317027544,1.4699870175286427,0.4075408681621669,0.2594826901090825,0.5093944347056438,0.49790797942832604,0.33432431400786183,0.5782078467193799,0.7616994631884015,0.8546473266097449,0.924471376847193,0.3846999008476759,0.17388619143375236,0.4169966324009732
6,0.36415782869254737,0.27674823352830347,0.5260686585687304,0.9381321768920928,2.0491588544958694,1.4314883354382841,1.2915606991918216,2.3174537783051297,1.5223185534917223,0.7959466834263379,1.1400595516504142,1.0677357124543574,1.4136110955752066,2.604353015973502,1.6138007981078402,0.34021787161380557,0.1623497068777294,0.40292642861660166,0.6265409589801626,1.0382618865066855,1.018951366114539,0.9037651668761795,1.2257562874777124,1.1071387841990328,0.19080880646573353,0.05232760003428303,0.22875226782325683,0.9224055898124428,1.4451820838872254,1.2021572625439758,1.0660484265566201,1.3322523372523618,1.1542323584323746,0.39642530772073936,0.23625968110917536,0.48606551112908164,0.36590866482613055,0.25995649079048094,0.5098592852841664,1.6953807392237739,3.28145123013109,1.81147763721529,2.0585577736617795,4.926351763203353,2.219538637465758,1.1193550197312636,1.5010435949292862,1.2251708431599595,0.5924574692675445,0.48923257482584953,0.6994516243642941,0.68756491143282,0.6562777383794743,0.8101097076195757,0.08617968795804676,0.016051700497118904,0.12669530574223697
7,0.503721110484184,0.34593827990988185,0.5881651808037278,0.8019087701967411,1.7964665070434715,1.3403232845263382,0.947547093485591,1.9215527443081797,1.3862008311598215,1.4323332573614689,3.584464218904538,1.8932681318039815,0.8106003210306555,1.4897334720029427,1.2205463825692748,0.4504520787273791,0.3061615259447314,0.553318647747147,0.9777857464704961,2.3905490201310053,1.5461400389780369,0.3661989121245484,0.21936670812588907,0.4683659980462812,0.24397363526743385,0.08247569149932348,0.2871858135412045,0.9401024833787947,1.4103968578957657,1.1876013042666154,0.8873690157623001,1.130476044391128,1.0632384701425772,0.49960150987458435,0.34143817016925576,0.584327108877601,0.3042777168464585,0.13247438384746857,0.36397030627163607,0.6240926420490353,0.5896407227047181,0.7678806695735465,1.3163637413066613,2.6417727197207386,1.6253531061651614,0.2072267766728689,0.05492067401037629,0.23435160338767963,0.536205024279281,0.3747062639145882,0.6121325542025912,0.5864864973233909,0.44525229327570387,0.6672722782160996,0.04585583781484585,0.0030236264062053035,0.054987511365811995
8,0.7944714858492471,0.8395650888494804,0.9162778447880754,0.9789231142545037,2.4264448732663197,1.5577050020033703,1.4377562818767624,2.7475982517694106,1.657588082657875,1.735372173607571,4.957146884433235,2.2264651096375245,1.3465425442379118,2.2911267919895324,1.5136468518084172,1.369610122073926,2.505548711725918,1.582892514268078,0.5145589175042907,0.6857390244383573,0.8280936084998829,1.3079000020182605,1.974718696539945,1.405246845411846,0.6514018918291556,0.5224188957174262,0.7227855115574925,0.5613738453452467,0.40113998144681906,0.6333561252935185,0.9065152558589412,1.02431845393811,1.012086188986941,0.7346232676772004,0.7491255111276879,0.8655203701402341,0.22304502989158267,0.06467226876024794,0.25430742962062264,0.49998247607502916,0.3197021292730091,0.5654220806380037,1.0548429445527607,1.4385420008320438,1.1993923464955258,0.19186547425483888,0.05623799616002495,0.23714551684572271,1.1307194563687804,1.762315338617024,1.3275222554130774,0.5719781866051591,0.4425941772287179,0.665277518956351,0.10356974520017222,0.016960217419378178,0.1302313995140119
9,0.9243134580790645,1.0745584902883216,1.0366091309111267,0.8089218150490608,1.5542550081449544,1.24669764102807,0.6477082380046695,0.5627907322129788,0.7501937964372798,1.0616296803310619,1.5291899674492937,1.236604208083287,0.646511981402414,0.6061254980249143,0.7785406206646602,0.8324506258705067,0.9619819602789835,0.9808067904939196,1.0097794354196015,2.155478471345822,1.4681547845325513,0.7591322829112196,0.7558962063028335,0.869422915676159,0.5267101011718673,0.3451611152086424,0.5875041405885089,0.6726015583062717,0.6459544131442637,0.8037128922346982,0.8976613978186941,1.07347275945163,1.036085305103605,0.5361633096436084,0.43457544079930654,0.6592233618427874,0.43974560379513283,0.4610190510808416,0.6789838371278374,0.5174841708913996,0.33386702751232833,0.5778122770522692,1.1890926388162957,1.9009329756444509,1.3787432595100695,0.15931657810147537,0.049220500393868105,0.22185693677202908,0.8421292607584582,0.9524891397752926,0.9759555009196335,0.4461847190035202,0.2531711479226039,0.5031611550215338,0.704376194082112,0.661895247485353,0.8135694484709667
10,1.0225893375274733,1.3896152108695317,1.1788194140196078,0.5609589787118845,0.40691026606453135,0.6378951842305531,0.514859532403774,0.3651725075453407,0.6042950500751605,1.4656615279089102,3.877240019477496,1.969070851817551,0.28661520442118227,0.11365423863023072,0.33712644308957834,0.9686835447494714,1.3084034477002102,1.143854644480762,1.0536340391863241,2.714864274031776,1.647684518963438,0.3428520966802789,0.16840605306596731,0.4103730657169977,0.49832917212127237,0.310694677847938,0.5573999263077974,1.1344907497189651,2.387651755048934,1.5452028200365588,0.6526292992419102,0.6165318016040465,0.7851953907175249,0.5493403745365488,0.47785609887467134,0.6912713641361627,0.5551408365223759,0.5785849995338976,0.7606477499696542,0.8845226892020416,1.1748644104175956,1.083911624818922,1.4708560905663752,3.588069559492619,1.894220039882542,0.43841897081618103,0.2635067228060628,0.5133290589924389,0.613129498181935,0.4879912577292174,0.6985637105727848,0.6907056808351341,0.8017012205500134,0.8953776971479764,0.4045666541022979,0.19796489584322016,0.4449324621144429
11,0.9396253269207064,1.1832247749623683,1.087761359380985,0.5464274743116438,0.4281120073492084,0.6543026878664098,0.8748537177502209,1.0054162774007545,1.0027044815900419,1.1133263749608278,1.4059969650165363,1.18574742884669,0.7683044925580713,0.8582720910221494,0.9264297550392849,0.9786262608826295,1.332702609916964,1.1544273948226298,0.8430299934794655,1.7114929665794891,1.3082404085562749,0.22379402289226782,0.07394989988760843,0.2719373087452482,0.4873847537197333,0.30058719761864405,0.5482583310982553,0.5906660529639426,0.4282868387887868,0.6544362755752364,0.4467739133039251,0.24905840317735972,0.4990575148991945,0.38243691089827125,0.2530408654687218,0.5030316744189394,0.5632904833823833,0.5737771250379936,0.7574807753586843,0.594543152292347,0.557317061296383,0.7465367112851069,0.8044316752436557,1.0975478016845877,1.047639156238725,0.4724623174419837,0.33148435698072354,0.5757467819977142,0.5142525952539805,0.34775831506742994,0.5897103654061288,0.6824956376851629,0.7045935377390192,0.8394007015359346,0.1474312419175204,0.0320568751239286,0.17904433843025755
12,0.937225277751755,1.2044076940751827,1.0974550988879603,0.4957607086841371,0.3495420029044925,0.591220773404058,1.2385433837620756,2.002667424293449,1.4151563250374317,1.9853001450754462,4.619023586565449,2.1491913796973616,0.9952865158247651,1.376926874135373,1.1734252742017164,0.8099837237140409,0.9166800160296183,0.9574340792083904,0.572189099871175,0.78072311986331,0.883585377800759,0.5379341567933756,0.38126789203387706,0.6174689401369733,0.438125503393876,0.2437169668819621,0.49367698638073265,0.6634028619720312,0.5375880968471154,0.7332039940201603,0.58020900332538,0.3980757796723127,0.6309324683928643,0.5388028937364715,0.37986007527530913,0.6163278959087517,0.5560549694962507,0.45638732641995144,0.6755644502339887,0.6983012999906467,0.6535060814300631,0.808397229974264,1.4977980660687553,2.5275830782112116,1.5898374376681446,0.2869879310663644,0.11815138448853364,0.34373155876138817,0.5036115463947106,0.338618335907416,0.5819092162076624,0.5515462794047564,0.38879501052539683,0.6235342897751469,0.09728730766580702,0.017669827254359866,0.13292790246731445
13,0.30386667884445445,0.19057028277698085,0.4365435634355188,0.33945312063128386,0.13973879157069433,0.3738165212650376,0.31369548235352857,0.15607878822132415,0.39506808048907743,0.43155234456016944,0.27308815370231343,0.5225783708711196,0.29981394234045694,0.145561935659321,0.3815257994675078,0.3650465436141063,0.21915158900058299,0.4681362931888351,0.5057531163247154,0.6386975455533177,0.7991855513917389,0.38425632108601676,0.18580824511890248,0.43105480523815354,0.22236053059106206,0.07355318271970339,0.2712069002066566,0.48889772909963064,0.3181202521662894,0.5640214997376336,1.0169712193950589,1.3159015516019805,1.1471275219442607,0.3684434248092181,0.24111515821835175,0.491034783104366,0.6161411553718735,0.6334069675953654,0.7958686874072666,0.18113332708400143,0.05678494730463233,0.2382959238103588,1.4767009613688924,2.532066417582845,1.5912468122773553,0.6417927686974502,0.5204151354485792,0.7213980423099159,0.46987263065814705,0.3412660771401179,0.5841798328769301,0.5752320888030821,0.44986084643409585,0.6707166662862165,0.3614503764444515,0.1968601895534685,0.44368929393604767
14,0.5873839115190737,0.43419950659408607,0.6589381659868292,0.44658360895446236,0.3429438249508643,0.5856140580201813,0.7089747206687403,0.5822396133086543,0.763046272062615,2.286009544287095,6.008019152389579,2.4511260988348966,0.6843380852562787,0.5378708737648643,0.7333968051231641,0.4313498116652257,0.29746711958629535,0.5454054634730893,0.47248661626311517,0.5873324528623812,0.7663761823428369,0.8411348528047956,0.9376208518591381,0.9683082421724697,0.25651220068977026,0.08558636069246568,0.29255146674126536,0.4181470404538648,0.22405274315407406,0.4733420994947249,0.5841267164225409,0.40153664190688776,0.6336691896462127,0.5995708944489135,0.556343525128279,0.7458843912619965,0.4762460758507068,0.3312794954059598,0.5755688450619612,0.10285471448424421,0.016278084648438423,0.1275855973393487,0.494664869710946,0.5250513379365,0.7246042629853209,0.4170272007356049,0.3069886355065086,0.5540655516331155,0.5149448228557882,0.3437820086125514,0.5863292663790128,0.4675518832953289,0.333885175244391,0.5778279806693261,0.15438499800951347,0.029381260497144623,0.1714096277842777
15,0.8467869046520926,0.9659560381568896,0.9828306253657797,0.4096277742189581,0.2509428257310556,0.5009419384829499,0.2837824885152565,0.12362360726584591,0.35160148928274737,0.5927630996679255,0.613287018549762,0.7831264384183195,0.30200665835842827,0.1196137137173791,0.3458521558663168,1.357042027563505,2.4605989681659204,1.5686296465915466,0.8289797046884532,1.7285765658386723,1.314753423969176,0.20897200647338846,0.05813075715926467,0.24110320852129835,0.7230724593075055,0.6692993941346668,0.8181072021041416,0.5269192835559763,0.7366620491105511,0.8582901893360725,0.6444502608550867,0.6264183881028055,0.7914659740650923,0.6161787831817596,0.5549000699678123,0.7449161496220983,0.37353624795202406,0.19963078028847078,0.44680060461963433,0.06922298489930798,0.007874829144348894,0.0887402340787362,0.6296179034577771,0.6365882554839973,0.797864810280537,0.45706663888150545,0.3469561635338059,0.5890298494421194,1.0329604141957411,1.4830472439943723,1.2178042716275765,0.5803420472828392,0.6361441650991285,0.797586462459794,0.44929254418131886,0.21716678081831153,0.46601156725805803
16,0.944707371964157,1.1714637603281295,1.0823417945954639,0.45392459992572515,0.34066432132420327,0.5836645623337118,0.23207736724778175,0.05928955406946179,0.24349446414541295,0.682259416221619,0.7627211671213766,0.8733390905721423,0.42166754289931224,0.20229371701269647,0.4497707382797334,1.1446568824896666,1.8276227130196918,1.3518959697475585,0.41187663533999413,0.3955229600106592,0.6289061615302073,1.123508292292746,1.6399807415395127,1.280617328298939,0.5437766632959579,0.3864745119711884,0.6216707424120813,0.3919654183075427,0.1955541162521066,0.44221501133736585,0.5004457993123904,0.5573178894587046,0.7465372659544228,0.5628382459926968,0.45641781071656257,0.6755870119507646,0.5942273254762279,0.7981150261651727,0.8933728371543276,0.2154581629100252,0.0794374127277593,0.2818464346550428,0.33636991992717397,0.13396790021778468,0.3660162567670795,0.2335559893682921,0.09284486016413884,0.30470454568998284,0.7539141012406665,0.7634880679110326,0.8737780427036563,0.5617443028172984,0.5786093981952769,0.7606637878821871,0.46936853291883596,0.26879686278429343,0.5184562303457192
17,1.3180679180061385,2.3185883110871957,1.5226911410680748,0.4768434632490317,0.37248305814382293,0.6103139013194956,0.30792898141282005,0.21800448829560226,0.46690950760891803,0.5838758935397358,0.488779690355662,0.6991278068820193,0.31931157588876813,0.24126044050896392,0.4911826956530166,1.0578846946026934,1.5528608694639365,1.2461383829510817,0.2749664057069437,0.23195767646128765,0.48161984641549777,0.8324474754510689,0.8105842361787431,0.9003245171485352,0.38872613854177535,0.22720036465955482,0.47665539403174156,0.31895773551089573,0.1366569885019213,0.3696714602209931,0.49886586353435663,0.35127168521633845,0.5926817739869672,0.5526963961280694,0.4567858569426893,0.6758593470114098,0.48837255876978886,0.38150545456012375,0.617661278177711,0.41342457845795305,0.24705623025059312,0.49704751307153033,0.17843552973386537,0.04174161024097877,0.20430763627671572,0.6719103229850916,0.6459845125054126,0.8037316172114997,0.6279307149827593,0.505085470683699,0.7106936545964787,0.6007088762724525,0.9433724142656373,0.9712736042257286,0.07146256967055964,0.008219023815784597,0.09065883197893405
18,0.7447935044447193,0.7182350183932827,0.8474874738857694,0.4520785883659735,0.321262940838019,0.5668006182406817,0.48807549064925726,0.6272203987837093,0.7919724735012633,1.185316213402092,2.3777799596203466,1.5420051749654884,0.4275610757990071,0.45819006044260807,0.6768973780733739,0.9148193979487624,1.147295912595072,1.0711190002026254,0.9093591642036802,2.1240670037381517,1.4574179234996911,0.28904819249716757,0.11215020887032985,0.33488835284364527,0.3550749907070024,0.17902142095826745,0.4231092305283205,0.7053335922826177,1.061028626258418,1.030062438038791,0.641386656988312,0.553297273861204,0.7438395484653958,0.5708479963180412,0.4573148877534974,0.6762506101686692,0.3130847458514983,0.15581597576287132,0.3947353236826815,0.37233789020159214,0.20118140079370636,0.4485324969204644,0.9417476486603079,1.3096476623050746,1.1443983844383365,0.2508916131133048,0.09317061602729726,0.3052386214542604,0.6077404438553395,0.47234887227295747,0.687276416205996,0.47832250978561003,0.2739094140996324,0.5233635582457308,0.10958720188349125,0.01867340681308288,0.13665067439673645
19,0.5802420129659439,0.462925608052466,0.6803863667450032,0.5408764768248634,0.5189802228735886,0.7204028198678768,0.32162625518375026,0.194264611700849,0.44075459351077556,0.3728345137173279,0.19289556194660293,0.43919877270616653,0.3635978722991357,0.24163465823598185,0.4915634834240455,0.934028571406157,1.2104799328211313,1.1002181296548115,1.1455113412138063,3.284584979941075,1.8123424014079335,0.33455768373273664,0.17161960785430477,0.4142699697712891,0.5665722917169925,0.4207277335779809,0.6486352854863671,0.8098226765020797,1.3879274752183266,1.1781033380897987,0.33727931430340535,0.14954391376861217,0.3867090815698698,0.9915737335636076,1.4348204789039123,1.1978399220696863,0.20103891339552007,0.05630157373213273,0.2372795265760043,0.29163273037906606,0.1163590741046447,0.3411144589498438,0.7499616939042207,0.7803602036234943,0.8833799882403349,0.21967432046285107,0.07922386081398242,0.28146733525221435,0.5868704253941609,0.4472115463468249,0.668738772875347,0.594133909279242,0.546729480012384,0.7394115768720314,0.2988219542140392,0.11586185599548805,0.340384864521747
20,0.2503377272630885,0.14258397251054492,0.3776029296900978,0.6605204218923735,0.8269225185611067,0.9093528020307117,0.25205367899884934,0.10496904830802539,0.3239892719026749,0.2879432136711653,0.13371707607350317,0.3656734555221409,0.4400292691877041,0.3960097326172158,0.6292930419265859,0.4422838157824632,0.2769262650002393,0.5262378407148609,1.1264301793770854,3.1909685172338165,1.7863282221455878,0.27947595662882435,0.11038075509721419,0.3322359930790374,0.22575709829169754,0.06809061586662189,0.2609417863559263,0.9088252677289314,1.5267631903983767,1.2356225922175335,0.48011245909782324,0.3345913990339937,0.5784387599685845,0.41268267317621277,0.280755599452308,0.529863755556377,0.16889737896584256,0.03440676810367675,0.18549061459728022,0.6550563924724875,0.4854758064951012,0.6967609392719293,1.0556162249112793,1.6268862288154649,1.275494503639849,0.6479052710962901,0.712105451048244,0.8438634078144661,0.4913821952918777,0.4039210833590938,0.6355478607934212,0.7057916367590704,1.0780319011663588,1.0382831507668604,0.3170038003047669,0.13764748207049612,0.3710087358412146
21,0.31076037208419693,0.17843036693868217,0.4224101880147805,0.44059781631042494,0.24584454621971993,0.4958271334040927,0.7147797723816031,0.7446736246292328,0.8629447401944303,0.08182203908399747,0.008571197137509189,0.09258076008280117,0.824194094375601,0.9812962580423079,0.990603986486178,0.5151942099219823,0.40028939921997253,0.6326842808383756,0.7861010513152605,1.6438343126729793,1.2821210210713259,0.2920264260632422,0.09524224460870064,0.30861342259969937,0.29997685529660273,0.126981314150351,0.35634437578043937,0.582919150518625,0.42822363012608466,0.6543879813429374,0.5435024146031261,0.3275867005371571,0.5723519027112228,0.7983397455076279,0.861643089228346,0.9282473211533367,0.7215653833364998,1.4419392728191436,1.200807758477244,0.9705762773121972,1.4864844761268527,1.2192146964857555,1.0171440685435627,1.6889027045545257,1.2995778947621899,0.6525460823665695,0.6942677519246448,0.8332273110770223,0.5899600853508239,0.4522650942730528,0.6725065756355493,0.6947235462128646,0.7653447459585538,0.8748398401756483,0.3182244413617881,0.12382846310616769,0.35189268691771314
22,1.2517667414541747,2.125746831590439,1.4579941123305125,0.5090171431632339,0.395746083081753,0.6290835263156658,1.112988584595738,1.6183556330926347,1.272146073803097,1.3111470892178858,2.6879503922771035,1.6394969936773607,1.0771568818575423,1.4779473537402268,1.2157085809272825,1.3755408086964016,2.555870847987102,1.5987091192543759,0.611270915791657,0.4503675036990584,0.6710942584310035,0.20731058053284057,0.0568732123980459,0.23848105249274187,0.7455744045106343,0.7095270588428596,0.8423342916223104,0.45018852472015997,0.2533154480622113,0.5033045281558783,0.13484538245544658,0.029771990881820393,0.17254561971206453,0.808154594507433,1.0471331732546083,1.0232952522388679,0.5745670843829166,0.5932995415825616,0.7702593988927118,0.3026517661442686,0.12134009530460678,0.3483390522244194,0.4983449334115955,0.3024327429262396,0.5499388538067115,0.16529076305312118,0.0355462478170759,0.1885371258322241,0.9601480287695973,1.3231725511108858,1.1502923763595436,0.530561204248747,0.3655974861401547,0.6046465795323369,0.15690427986135005,0.03434176151489176,0.1853153029700779
23,0.711622529273396,0.691443548186952,0.8315308462029247,0.4580215730782817,0.29700085839437645,0.5449778512879,0.16598413159378134,0.03370567138286592,0.18359104385254177,0.2513366539585677,0.10627353067286495,0.32599621266644335,0.22357132214862574,0.09351475495182833,0.30580182300278774,1.3601130630949367,2.508891334689902,1.5839480214609007,0.6943251166710075,1.2940379859246065,1.1375579044271138,0.23192481467052226,0.07642585833818788,0.2764522713565361,0.40135700829142423,0.21175820020159378,0.46017192461252326,0.6221406469373859,0.6279292457336184,0.7924198670740269,0.35200433997406816,0.15232757560805466,0.3902916545457444,0.7762814965310589,0.8471428625335525,0.9204036410909904,0.46889552000213114,0.28438996266810074,0.5332822542220027,0.28980475562136226,0.10337187604123554,0.3215149701666091,0.599855035604968,0.4664261990247482,0.6829540240929459,0.047838242619063415,0.005478840395646309,0.0740191893744204,0.8285230800179108,0.9967551901575294,0.998376276840315,0.44861530908760616,0.24345187229883525,0.4934084234169855,0.19881687412893334,0.05327641237536651,0.23081683728741825
24,0.7047339624436608,0.6470928028437113,0.8044207871777751,0.538349295117268,0.5521664612143694,0.7430790410275138,0.19018619478322288,0.049906126408831165,0.2233967914022741,0.0791354822236521,0.009180758976780315,0.09581627720163373,0.19299316648939946,0.05587172008831098,0.23637199514390655,1.2782573200007976,2.2004516360549093,1.4833919360893497,0.6613973131631439,1.2159916830461759,1.102720129065474,0.09090407750019576,0.019821643541304345,0.14078935876444762,0.3251682916156883,0.13957187714348634,0.37359319739990765,0.5463741064096129,0.43873132354094685,0.6623679668741136,0.25425439099908037,0.10203600950670862,0.3194307585482472,0.459161332659789,0.3536592518646488,0.5946925692024819,0.48588949068837556,0.39066454815439755,0.6250316377227616,0.4400154229266835,0.29133356360478674,0.539753243255459,0.42864973894485425,0.2652336088635846,0.5150083580521627,0.2615306975363565,0.10240743624169317,0.32001161891670926,0.6103967581540792,0.5135185495792578,0.7166020859439761,0.38709904248475624,0.19058246017305916,0.4365575107280359,0.19397266250600362,0.050676452741739764,0.2251143103886107
25,0.3532156564175885,0.18653659988804225,0.4318988306166645,0.6908023434734508,0.93006260090606,0.9643975326109353,0.36824698510413856,0.2634757373718492,0.5132988772361081,0.8628589477394577,1.5125954650206221,1.2298761990625813,0.3369659527881774,0.17900786127411453,0.42309320636724307,1.1327446185273244,1.7224501540151482,1.3124214848954388,0.5245903757186695,0.38206362896984447,0.6181129580989582,0.2550832221095105,0.11890626641766339,0.34482787940893556,0.24834807415344237,0.08375673210155353,0.28940755363596427,0.4199699330623932,0.22216272390377798,0.47134140906966576,0.17234058115168038,0.036923827870840205,0.19215573858420207,1.037774842470535,1.571903504335286,1.2537557594425184,0.3891649097083801,0.206759543454633,0.45470819593958606,0.5539534420136477,0.36046725090498716,0.6003892494915171,1.0178445919962436,1.2302805316311936,1.1091801168571287,0.11132187407798806,0.015152268785465264,0.12309455221684372,0.5820300676244065,0.44395567154191706,0.6662999861488195,0.3653609113280396,0.1863074176650142,0.4316334297352491,0.14722457521393767,0.028131736601285207,0.1677251817744885
26,0.48591695925304385,0.34685909215559346,0.5889474443068697,0.3611409083978671,0.16608241257127296,0.4075321000501346,0.32952309396313734,0.19098933434394771,0.4370232652204545,0.353958654358026,0.15649527626643198,0.3955948385234974,0.4155730900344545,0.28742463740249086,0.5361199841476634,0.4617998372083636,0.2860667131332611,0.5348520478910603,0.4936859639738264,0.35780551424661494,0.59816846644287,0.556013491665313,0.4907871771517107,0.7005620437560907,0.2783362888841312,0.11030113183126923,0.33211614208175616,0.3066713301058824,0.11652938852825828,0.34136401176494613,1.621041776198844,3.482354915538339,1.8661068874901938,0.8661758412857834,0.9879042925361455,0.9939337465526289,0.21417006544100373,0.06029319431837841,0.24554672532611468,0.2507665472834281,0.11802574033901453,0.3435487452153108,0.5704043240984706,0.4321494330136164,0.6573807367223475,0.1936576227546057,0.05690345381992342,0.23854444831084085,0.7895411931454248,0.7527210186203545,0.8675949623069249,0.32131864905106317,0.14717975785041948,0.38364014108330674,0.14465401016886706,0.032330151023334246,0.17980587038062534
27,0.23094710352348383,0.11817034138361639,0.34375913280030307,0.3173772795416709,0.1547244586061539,0.39335030012210986,0.4908972607674181,0.30455773492581406,0.5518674976167867,1.3255623450344396,2.2572949876846375,1.50242969475601,0.4098084341987091,0.21812615372347077,0.4670397774531317,0.7597492570845548,0.7856928942155221,0.8863931939131314,0.43242071242701363,0.27646522407407753,0.525799604482618,0.2840062871495575,0.0985117065422955,0.3138657460480444,0.4446987384318007,0.26180916424064266,0.5116729074717975,0.3766603591357384,0.2298781127854291,0.4794560592853417,0.5228291761730776,0.35498503217084626,0.5958062035350473,0.4736733757199208,0.3881782162852587,0.6230394981742801,0.20884798750406852,0.07232291904724776,0.26892920824493527,0.24748563846572855,0.0924511276188406,0.30405777019974445,0.39957863533330135,0.21684729291423696,0.4656686514188355,0.27799818485098243,0.0858400886885794,0.2929847925892731,0.6500177369624357,0.5341985318793664,0.7308888642463821,0.29267130425991567,0.1289511992433455,0.35909775722405385,1.248119269312763,2.0501912366933897,1.4318488875203939
28,0.621801157638608,0.5898872481344131,0.7680411760670212,0.27020623426354223,0.11074491959662232,0.3327835927395194,1.1202707590073062,1.6692570601002352,1.2919973142774854,2.0224394386473645,5.68524279669064,2.3843747181788855,0.7088258003874897,0.7019546186255435,0.8378273202907288,0.6181215180870246,0.5166099296060384,0.7187558205719369,0.5389633850214554,0.4960943273751199,0.7043396392189778,0.2130449488942919,0.06763915505258652,0.26007528727771606,0.4363195411760577,0.2622543377009318,0.5121077403251505,0.40626663586429546,0.27181029579984667,0.5213542900944105,0.29715026327963767,0.13755418168433822,0.37088297572730167,0.7728771993702049,0.8473243341849885,0.9205022184573965,0.36256860262962065,0.31180616560697166,0.5583960651786254,0.5777970067884877,0.40551956701519964,0.6368041826301077,2.178932547105313,5.279715469626001,2.2977631448054,0.22362121980684926,0.08026526371156222,0.2833112488263786,0.24323402765831906,0.0889507145753911,0.2982460638053604,0.22531690061521314,0.08907248410487623,0.2984501367144539,0.6577305178257242,0.6468699002376985,0.8042822267324441
29,1.4724385816237702,2.8113029097810265,1.6766940417920697,0.3240235967087019,0.19627678027516293,0.4430313536028381,0.37659667355668885,0.22388632902445826,0.4731662805235156,0.4357582705309954,0.31219091241039343,0.5587404696371951,0.3083954672896038,0.14499358897259598,0.38078023710875014,1.554066659532137,3.196161322665171,1.7877811171016353,0.45238320034527885,0.2735400715036365,0.5230105845044023,0.21071128748715173,0.06814721032657821,0.26105020652468025,0.869719517746652,0.9657794011269619,0.9827407598786986,0.4457763221320981,0.33252007449093157,0.5766455362620364,0.25225869634873604,0.0860586326621184,0.2933575167983912,1.2000323368573458,2.0616210851113226,1.4358346301407146,0.33394775820497125,0.19956050015124982,0.44672194948451976,0.17422221511462457,0.04926082398068573,0.22194779562024428,0.16769890094947193,0.04111899545135043,0.2027781927411092,0.5570128318474086,0.43047621689857224,0.6561068639319149,1.0924328230234683,1.686030198355196,1.29847225552,0.588451670374693,0.8181199773432254,0.9044998492776134,0.9645291472072982,1.0397944705027458,1.0197031286128064
30,0.6912165114340229,0.6571887612836605,0.8106717962798882,0.26589306201472374,0.10235920383122417,0.3199362496361176,0.28271359880069286,0.11303023248050377,0.3361996913747896,0.42062145092672365,0.29853839261193343,0.546386669504238,0.39072027970079887,0.202220243955894,0.4496890525195093,1.2768847469112385,2.1543544625412037,1.4677719381910814,0.6012836986691048,0.6150716633832419,0.7842650466412754,0.3406084135334499,0.21539487733490112,0.46410653662160495,0.8035796453269796,0.8344963043376005,0.9135076925442941,0.4457737503759045,0.31309943539041035,0.5595528888232196,1.6315358299440685,3.040806902062825,1.7437909570997392,0.8261686893194312,1.0236149909398253,1.01173859812692,0.2774472023920295,0.1139081869504549,0.3375028695440305,0.2277381150623297,0.07456084462990127,0.27305831726922597,1.5974747583844853,2.9142675402968927,1.7071225908811858,0.5315800579861545,0.4886287420086479,0.6990198437874621,0.8920583904394146,1.162043958483807,1.077981427708199,0.3882090848719654,0.2126411566742111,0.46113030335710004,0.6689577344022104,0.5223864968292028,0.7227630986908523
31,0.7675544875380179,0.774145015777861,0.8798551106732636,0.2359120772633678,0.07789393121394594,0.27909484268604096,0.1949501338427155,0.05422333922881586,0.23285905442738503,0.424820809416252,0.27484691179284343,0.524258439887088,0.23361356232819083,0.07204893404952589,0.268419325029935,1.2126434629716256,1.9157193039503586,1.3840951209907355,0.7701565430126031,1.0006301978095007,1.000315049276727,0.3833741554242418,0.2208633700242074,0.4699610303250764,0.8200024680878887,0.8701610216667973,0.9328242179890043,0.5157192848014437,0.4539585374619717,0.6737644525069364,0.20509777508837626,0.08243497548845727,0.28711491686858986,1.139724750847752,1.825617936911577,1.3511542979658455,0.2787364171985087,0.1328624991560938,0.3645030852490741,1.0099491018093845,1.1201038618774326,1.0583495934129858,2.091171806534113,4.850128760611903,2.2023007879515237,0.4423222290046669,0.21377104272796887,0.46235380687085176,0.6248736469786476,0.5302109801853602,0.7281558762966623,0.3540827253195726,0.15616206403968427,0.3951734606975578,1.403092123567161,2.2255589407410885,1.4918307346147177
32,0.7751461825110358,0.8226644165900034,0.9070084986316299,0.378672073996359,0.32362055522074656,0.5688765729231136,0.9965142465767883,1.433217384719866,1.1971705746132695,1.9018979265635838,5.087831774100894,2.2556222587350248,0.7920995627013628,0.9253465258069031,0.96194933640338,0.5210180963963317,0.38182601890517437,0.6179207221846298,0.6244879809485152,0.5177684611683753,0.7195612977143611,0.5150466022632437,0.38430853462663866,0.6199262332137903,0.6599941831248856,0.5595534613422813,0.7480330616639089,0.3833733062959033,0.19195203303818906,0.43812330802890304,0.6367461597108889,0.579224205850478,0.7610678063421669,0.500060153756152,0.4089209536997818,0.6394692750240483,0.3722790654454952,0.28644057899366754,0.5352014377724218,1.3121597230570414,1.856817372452733,1.3626508622727735,1.8670687940491855,3.7766853312289164,1.9433695817391288,1.0628526229857689,1.4379045321758266,1.1991265705403356,0.5803233317116961,0.46065994715954045,0.678719343439938,0.42997659319767756,0.2690439690423703,0.5186944852631175,0.1549023446175865,0.03370790778303126,0.18359713446301731
33,0.4893757775038648,0.3351279849718858,0.5789023967577659,0.28641444938063226,0.11038803761294395,0.3322469527519311,0.8486905475683543,0.9125427218167617,0.9552710200863217,1.6809151199099348,4.067473359008221,2.0167977982455803,0.7305996557550865,0.6402414854778367,0.8001509141892151,0.5051634178138574,0.3448463749229083,0.5872362173120016,0.9226807348175301,1.4625257055126972,1.2093492901195655,0.35495275862102815,0.2242570212543352,0.4735578330619558,0.3571704799473099,0.17402799326712695,0.4171666253035194,0.5286362008011228,0.4947476139361557,0.7033829781393318,0.8834080181830636,0.8570235066803935,0.925755640912003,0.33903057152735355,0.19038458145551815,0.4363308165320416,0.4516717417884353,0.3716161936352085,0.6096033084188508,0.652193858904104,0.49106672753912767,0.700761534003635,0.6012989321702266,0.5017069715086849,0.7083127639035491,0.9774796619024988,1.1383873821944295,1.0669523804717949,0.5851755571953869,0.4446081486529794,0.6667894335192928,0.35548612635225546,0.17625978137020107,0.41983303987442566,1.241156206773296,1.66173488309716,1.2890829620692223
34,0.2934165333782288,0.13525724909779271,0.3677733664878314,0.24244519214476964,0.0780943170484217,0.2794536044648945,0.4928628326996933,0.31188221840735597,0.558464160360677,0.8810186738998901,1.284159963850456,1.133207820238837,0.29490985549070564,0.10613159928609457,0.32577845123042526,0.34021771037321163,0.1828900533877411,0.4276564665566757,0.745314085056485,0.75302992397761,0.86777296799198,0.3008003516526034,0.14466821606766256,0.38035275214945213,0.28531830406318776,0.10384699217340182,0.3222529940487781,0.6007767068078667,0.6296850623661854,0.7935269764577543,0.6284378582044335,0.6439316210871308,0.8024535008878276,0.32514509744396136,0.15281355677180405,0.3909137459489037,0.2921985639259173,0.10753957022965378,0.32793226469753445,0.3917096941139188,0.2260705385454059,0.47546875664485666,1.3524975523398843,2.2637232149298967,1.5045674511067613,0.46265463020850456,0.26467083043945666,0.5144616899628743,0.4936491530004155,0.37128779875006696,0.6093338975882328,0.4281840822621268,0.3207293132633864,0.5663296860163578,0.5431058277381821,0.42380354196812936,0.6510019523535466
35,0.4419322192603601,0.2735397479244087,0.5230102751614052,0.43364292758058526,0.42683817712167543,0.6533285368952404,0.2477239451322717,0.09096583441472374,0.301605428357521,0.37961691820150517,0.20182467589601097,0.4492490132387727,0.23860300602519172,0.08834944144448903,0.2972363393740561,0.5466661343527144,0.38268953691476204,0.6186190563786101,0.551758275609927,0.3895210645190628,0.6241162267711542,0.290240081335431,0.12921453805464492,0.35946423751834466,0.2517463996067796,0.09610258439980017,0.31000416835874994,0.54251261216637,0.43591535309412394,0.6602388606361519,1.0970694135154522,1.5344736654372217,1.2387387397822116,0.513474831622304,0.40943504963413585,0.639871119549973,0.5347549434541702,0.6967554904391324,0.834718809204113,0.5606091535383299,0.49710411766954143,0.7050561095895428,0.7039060784899033,0.8037999787429039,0.8965489271327605,0.6002064861757559,0.5313338445373664,0.7289265014645622,0.5112937772240903,0.35024673844586407,0.5918164736181851,0.5454858902922542,0.5307948207083643,0.7285566695243166,0.7276764776583841,0.6252732723661821,0.7907422287738161
